{
    "coffee": {
        "region": [
            {
                "id": 1,
                "name": "John Doe"
            },
            {
                "id": 2,
                "name": "Don Joeh"
            }
        ],
        "country": {
            "id": 2,
            "company": "ACME"
        }
    },
    "brewing": {
        "region": [
            {
                "id": 1,
                "name": "John Doe"
            },
            {
                "id": 2,
                "name": "Don Joeh"
            }
        ],
        "country": {
            "id": 2,
            "company": "ACME"
        }
    }
}