{
    "feed": {
        "author": {
            "name": {
                "label": "iTunes Store"
            },
            "uri": {
                "label": "http://www.apple.com/uk/itunes/"
            }
        },
        "entry": [
            {
                "author": {
                    "uri": {
                        "label": "https://itunes.apple.com/gb/reviews/id524040326"
                    },
                    "name": {
                        "label": "maxrgwhite"
                    },
                    "label": ""
                },
                "updated": {
                    "label": "2023-03-30T14:55:37-07:00"
                },
                "im:rating": {
                    "label": "5"
                },
                "im:version": {
                    "label": "2.0.47"
                },
                "id": {
                    "label": "9769263685"
                },
                "title": {
                    "label": "Brilliant app!"
                },
                "content": {
                    "label": "This app freely offers what multiple paid apps don’t. It offers you quick access to your basic guide or self-administered (through a beginning and ending bell) meditation of selected length, as well as playlists and other resources for specific meditations (e.g. sleep or stress reduction). I love this app and have recommended it to many people. Thank you for helping me so profoundly!",
                    "attributes": {
                        "type": "text"
                    }
                },
                "link": {
                    "attributes": {
                        "rel": "related",
                        "href": "https://itunes.apple.com/gb/review?id=1500780518&type=Purple%20Software"
                    }
                },
                "im:voteSum": {
                    "label": "0"
                },
                "im:contentType": {
                    "attributes": {
                        "term": "Application",
                        "label": "Application"
                    }
                },
                "im:voteCount": {
                    "label": "0"
                }
            },
            {
                "author": {
                    "uri": {
                        "label": "https://itunes.apple.com/gb/reviews/id1130248109"
                    },
                    "name": {
                        "label": "Sonny Paterson"
                    },
                    "label": ""
                },
                "updated": {
                    "label": "2023-03-26T14:09:31-07:00"
                },
                "im:rating": {
                    "label": "5"
                },
                "im:version": {
                    "label": "2.0.47"
                },
                "id": {
                    "label": "9755356506"
                },
                "title": {
                    "label": "Very good app"
                },
                "content": {
                    "label": "Great meditation app that really makes it easy to start. Would recommend.",
                    "attributes": {
                        "type": "text"
                    }
                },
                "link": {
                    "attributes": {
                        "rel": "related",
                        "href": "https://itunes.apple.com/gb/review?id=1500780518&type=Purple%20Software"
                    }
                },
                "im:voteSum": {
                    "label": "0"
                },
                "im:contentType": {
                    "attributes": {
                        "term": "Application",
                        "label": "Application"
                    }
                },
                "im:voteCount": {
                    "label": "0"
                }
            },
            {
                "author": {
                    "uri": {
                        "label": "https://itunes.apple.com/gb/reviews/id138038901"
                    },
                    "name": {
                        "label": "Nanchang Man"
                    },
                    "label": ""
                },
                "updated": {
                    "label": "2023-03-22T16:18:12-07:00"
                },
                "im:rating": {
                    "label": "5"
                },
                "im:version": {
                    "label": "2.0.47"
                },
                "id": {
                    "label": "9741433960"
                },
                "title": {
                    "label": "Truly amazing."
                },
                "content": {
                    "label": "This meditation app is nothing short of a positive and powerful life changer. It offers ways to help heal yourself in a world of stress and turmoil. It helps you to understand why you may feel anxiety/depression in your daily living and through meditation offers ways to address these and bring back hope and meaning to life. This isn’t just a small set of meditations to try but a whole range of ongoing teachings and challenges. The fact that the app is totally free is testament to the dedication, belief and hard work of a few volunteers in trying to bring a natural way of helping all of us to help ourselves develop happiness, compassion and purpose in everything we experience every day.",
                    "attributes": {
                        "type": "text"
                    }
                },
                "link": {
                    "attributes": {
                        "rel": "related",
                        "href": "https://itunes.apple.com/gb/review?id=1500780518&type=Purple%20Software"
                    }
                },
                "im:voteSum": {
                    "label": "0"
                },
                "im:contentType": {
                    "attributes": {
                        "term": "Application",
                        "label": "Application"
                    }
                },
                "im:voteCount": {
                    "label": "0"
                }
            },
            {
                "author": {
                    "uri": {
                        "label": "https://itunes.apple.com/gb/reviews/id619303536"
                    },
                    "name": {
                        "label": "Tula Tina"
                    },
                    "label": ""
                },
                "updated": {
                    "label": "2023-03-15T01:37:12-07:00"
                },
                "im:rating": {
                    "label": "3"
                },
                "im:version": {
                    "label": "2.0.47"
                },
                "id": {
                    "label": "9715099744"
                },
                "title": {
                    "label": "Love it and loath it."
                },
                "content": {
                    "label": "So much to like. Love the different choices and how you can build up your practice to suit you. Being able to choose a different person/ voice to listen too is great.\nIt’s not only simple to use but simple to understand so will suit everyone, so here comes the but …. It has become increasingly difficult to get onto. Loading is a big problem. I have tried many times over four days but only managed to get on twice. A meditation app really shouldn’t leave you frustrated.",
                    "attributes": {
                        "type": "text"
                    }
                },
                "link": {
                    "attributes": {
                        "rel": "related",
                        "href": "https://itunes.apple.com/gb/review?id=1500780518&type=Purple%20Software"
                    }
                },
                "im:voteSum": {
                    "label": "0"
                },
                "im:contentType": {
                    "attributes": {
                        "term": "Application",
                        "label": "Application"
                    }
                },
                "im:voteCount": {
                    "label": "0"
                }
            },
            {
                "author": {
                    "uri": {
                        "label": "https://itunes.apple.com/gb/reviews/id1231927597"
                    },
                    "name": {
                        "label": "Luxxlux"
                    },
                    "label": ""
                },
                "updated": {
                    "label": "2023-03-11T14:05:40-07:00"
                },
                "im:rating": {
                    "label": "5"
                },
                "im:version": {
                    "label": "2.0.47"
                },
                "id": {
                    "label": "9703503455"
                },
                "title": {
                    "label": "Amazing"
                },
                "content": {
                    "label": "Has everything you need. It teaches meditations, mindfulness, simple timers, sleep meditations and stories, it’s great! There is absolutely no need to buy any plan from another app. This app is run by volunteers and that’s what makes it such a good deal and such a great app. Very grateful for the developers.",
                    "attributes": {
                        "type": "text"
                    }
                },
                "link": {
                    "attributes": {
                        "rel": "related",
                        "href": "https://itunes.apple.com/gb/review?id=1500780518&type=Purple%20Software"
                    }
                },
                "im:voteSum": {
                    "label": "0"
                },
                "im:contentType": {
                    "attributes": {
                        "term": "Application",
                        "label": "Application"
                    }
                },
                "im:voteCount": {
                    "label": "0"
                }
            },
            {
                "author": {
                    "uri": {
                        "label": "https://itunes.apple.com/gb/reviews/id457113235"
                    },
                    "name": {
                        "label": "gribes05"
                    },
                    "label": ""
                },
                "updated": {
                    "label": "2023-03-11T01:21:22-07:00"
                },
                "im:rating": {
                    "label": "5"
                },
                "im:version": {
                    "label": "2.0.47"
                },
                "id": {
                    "label": "9701405243"
                },
                "title": {
                    "label": "Could not recommend it more"
                },
                "content": {
                    "label": "Medito is an amazing and 100% to use app. The mediation sessions are easy to get into and you get guided by the narrator very well. There are even courses included to improve your meditation experience.",
                    "attributes": {
                        "type": "text"
                    }
                },
                "link": {
                    "attributes": {
                        "rel": "related",
                        "href": "https://itunes.apple.com/gb/review?id=1500780518&type=Purple%20Software"
                    }
                },
                "im:voteSum": {
                    "label": "0"
                },
                "im:contentType": {
                    "attributes": {
                        "term": "Application",
                        "label": "Application"
                    }
                },
                "im:voteCount": {
                    "label": "0"
                }
            },
            {
                "author": {
                    "uri": {
                        "label": "https://itunes.apple.com/gb/reviews/id1375555480"
                    },
                    "name": {
                        "label": "EATDATASS69"
                    },
                    "label": ""
                },
                "updated": {
                    "label": "2023-03-04T16:52:06-07:00"
                },
                "im:rating": {
                    "label": "5"
                },
                "im:version": {
                    "label": "2.0.47"
                },
                "id": {
                    "label": "9679980993"
                },
                "title": {
                    "label": "thank you."
                },
                "content": {
                    "label": "my life was a complete train-reck before i knew the art and benifits of Meditation. Thank you for changing my life.",
                    "attributes": {
                        "type": "text"
                    }
                },
                "link": {
                    "attributes": {
                        "rel": "related",
                        "href": "https://itunes.apple.com/gb/review?id=1500780518&type=Purple%20Software"
                    }
                },
                "im:voteSum": {
                    "label": "0"
                },
                "im:contentType": {
                    "attributes": {
                        "term": "Application",
                        "label": "Application"
                    }
                },
                "im:voteCount": {
                    "label": "0"
                }
            },
            {
                "author": {
                    "uri": {
                        "label": "https://itunes.apple.com/gb/reviews/id307820098"
                    },
                    "name": {
                        "label": "1736382649"
                    },
                    "label": ""
                },
                "updated": {
                    "label": "2023-02-17T14:34:28-07:00"
                },
                "im:rating": {
                    "label": "5"
                },
                "im:version": {
                    "label": "2.0.47"
                },
                "id": {
                    "label": "9628043528"
                },
                "title": {
                    "label": "Excellent"
                },
                "content": {
                    "label": "A free app with helpful guidance from dedicated people. Thumb up!",
                    "attributes": {
                        "type": "text"
                    }
                },
                "link": {
                    "attributes": {
                        "rel": "related",
                        "href": "https://itunes.apple.com/gb/review?id=1500780518&type=Purple%20Software"
                    }
                },
                "im:voteSum": {
                    "label": "0"
                },
                "im:contentType": {
                    "attributes": {
                        "term": "Application",
                        "label": "Application"
                    }
                },
                "im:voteCount": {
                    "label": "0"
                }
            },
            {
                "author": {
                    "uri": {
                        "label": "https://itunes.apple.com/gb/reviews/id1312920221"
                    },
                    "name": {
                        "label": "Mathew135798"
                    },
                    "label": ""
                },
                "updated": {
                    "label": "2023-02-12T14:52:21-07:00"
                },
                "im:rating": {
                    "label": "5"
                },
                "im:version": {
                    "label": "2.0.47"
                },
                "id": {
                    "label": "9611706126"
                },
                "title": {
                    "label": "Best meditation app on the store."
                },
                "content": {
                    "label": "Perfect for anyone who wants to get into meditation as it guides you through the courses for free which are provided in the app.",
                    "attributes": {
                        "type": "text"
                    }
                },
                "link": {
                    "attributes": {
                        "rel": "related",
                        "href": "https://itunes.apple.com/gb/review?id=1500780518&type=Purple%20Software"
                    }
                },
                "im:voteSum": {
                    "label": "0"
                },
                "im:contentType": {
                    "attributes": {
                        "term": "Application",
                        "label": "Application"
                    }
                },
                "im:voteCount": {
                    "label": "0"
                }
            },
            {
                "author": {
                    "uri": {
                        "label": "https://itunes.apple.com/gb/reviews/id1333868476"
                    },
                    "name": {
                        "label": "Sbennell26"
                    },
                    "label": ""
                },
                "updated": {
                    "label": "2023-01-24T14:20:02-07:00"
                },
                "im:rating": {
                    "label": "4"
                },
                "im:version": {
                    "label": "2.0.47"
                },
                "id": {
                    "label": "9543525758"
                },
                "title": {
                    "label": "Amazing app - some annoying bugs could be fixed"
                },
                "content": {
                    "label": "It’s a great app with lots of variations of meditation. Would recommend to anyone especially since it’s free, however there are some bugs that make the app unusable aside from downloaded material. If these minor bugs could be fixed then I’m sure it’s 5 star worthy.",
                    "attributes": {
                        "type": "text"
                    }
                },
                "link": {
                    "attributes": {
                        "rel": "related",
                        "href": "https://itunes.apple.com/gb/review?id=1500780518&type=Purple%20Software"
                    }
                },
                "im:voteSum": {
                    "label": "0"
                },
                "im:contentType": {
                    "attributes": {
                        "term": "Application",
                        "label": "Application"
                    }
                },
                "im:voteCount": {
                    "label": "0"
                }
            },
            {
                "author": {
                    "uri": {
                        "label": "https://itunes.apple.com/gb/reviews/id1044540714"
                    },
                    "name": {
                        "label": "8104739929274!"
                    },
                    "label": ""
                },
                "updated": {
                    "label": "2023-01-22T12:55:57-07:00"
                },
                "im:rating": {
                    "label": "5"
                },
                "im:version": {
                    "label": "2.0.47"
                },
                "id": {
                    "label": "9536354931"
                },
                "title": {
                    "label": "Incredible"
                },
                "content": {
                    "label": "Honestly I have found medito incredible. Before it I wasn’t really into the whole ‘meditation’ thing but my friend recommended it to me and it has been brilliant. I am yet to find a fault and meditating is now something I do and enjoy doing daily. \n\nThank you very much medito staff 🙏🙏",
                    "attributes": {
                        "type": "text"
                    }
                },
                "link": {
                    "attributes": {
                        "rel": "related",
                        "href": "https://itunes.apple.com/gb/review?id=1500780518&type=Purple%20Software"
                    }
                },
                "im:voteSum": {
                    "label": "0"
                },
                "im:contentType": {
                    "attributes": {
                        "term": "Application",
                        "label": "Application"
                    }
                },
                "im:voteCount": {
                    "label": "0"
                }
            },
            {
                "author": {
                    "uri": {
                        "label": "https://itunes.apple.com/gb/reviews/id1293463012"
                    },
                    "name": {
                        "label": "vgrjmsmkrkxkdmdkekdkjfjf"
                    },
                    "label": ""
                },
                "updated": {
                    "label": "2023-01-21T04:43:03-07:00"
                },
                "im:rating": {
                    "label": "5"
                },
                "im:version": {
                    "label": "2.0.47"
                },
                "id": {
                    "label": "9531151746"
                },
                "title": {
                    "label": "Changed my life!"
                },
                "content": {
                    "label": "I heard about meditation about a year ago, but always struggled to keep a consistent habit and didn’t really understand meditation and mindfulness. I thought if I had thoughts while meditating , I must be meditating wrong or I was just bad at meditation. Since I  downloaded  Medito 2 weeks ago, I have meditated every day. I also found it useful for the wide range of sessions from sleep to mindfulness to grief meditation and the daily meditation provides you with something new every day. I found it extremely useful to be able to do a short session of 3 minutes to help build up my meditation practice and the beginner courses have been very informative and relaxing as well as helping to grasp the basics of meditation. However, occasionally the servers go down so I would recommend downloading some sessions and turn your  phone onto airplane mode to see your downloaded sessions of the servers are down .",
                    "attributes": {
                        "type": "text"
                    }
                },
                "link": {
                    "attributes": {
                        "rel": "related",
                        "href": "https://itunes.apple.com/gb/review?id=1500780518&type=Purple%20Software"
                    }
                },
                "im:voteSum": {
                    "label": "0"
                },
                "im:contentType": {
                    "attributes": {
                        "term": "Application",
                        "label": "Application"
                    }
                },
                "im:voteCount": {
                    "label": "0"
                }
            },
            {
                "author": {
                    "uri": {
                        "label": "https://itunes.apple.com/gb/reviews/id1472287940"
                    },
                    "name": {
                        "label": "jhbagel"
                    },
                    "label": ""
                },
                "updated": {
                    "label": "2023-01-17T13:22:53-07:00"
                },
                "im:rating": {
                    "label": "5"
                },
                "im:version": {
                    "label": "2.0.47"
                },
                "id": {
                    "label": "9518467751"
                },
                "title": {
                    "label": "Love it ..but"
                },
                "content": {
                    "label": "I’m going to give this beautiful app five stars, because it truly deserves it. It is free and has really helped my sleep. And the app is free so you can obviously not expect perfection. Every now and then the app has just stopped working for me, but it was fine the next day. Sometimes the ‘background sounds’ don’t stop and just okay throughout the night after my meditation has finished. Over all though this app really has changed my life and I am so grateful for you Medito\nXx",
                    "attributes": {
                        "type": "text"
                    }
                },
                "link": {
                    "attributes": {
                        "rel": "related",
                        "href": "https://itunes.apple.com/gb/review?id=1500780518&type=Purple%20Software"
                    }
                },
                "im:voteSum": {
                    "label": "0"
                },
                "im:contentType": {
                    "attributes": {
                        "term": "Application",
                        "label": "Application"
                    }
                },
                "im:voteCount": {
                    "label": "0"
                }
            },
            {
                "author": {
                    "uri": {
                        "label": "https://itunes.apple.com/gb/reviews/id1204240518"
                    },
                    "name": {
                        "label": "The notorious second"
                    },
                    "label": ""
                },
                "updated": {
                    "label": "2023-01-16T15:41:38-07:00"
                },
                "im:rating": {
                    "label": "5"
                },
                "im:version": {
                    "label": "2.0.47"
                },
                "id": {
                    "label": "9515333426"
                },
                "title": {
                    "label": "One thing I wish I did more"
                },
                "content": {
                    "label": "I want to start meditating more because I feel so calm after it, no stress about messing up or what’s to come, I’m just present.",
                    "attributes": {
                        "type": "text"
                    }
                },
                "link": {
                    "attributes": {
                        "rel": "related",
                        "href": "https://itunes.apple.com/gb/review?id=1500780518&type=Purple%20Software"
                    }
                },
                "im:voteSum": {
                    "label": "0"
                },
                "im:contentType": {
                    "attributes": {
                        "term": "Application",
                        "label": "Application"
                    }
                },
                "im:voteCount": {
                    "label": "0"
                }
            },
            {
                "author": {
                    "uri": {
                        "label": "https://itunes.apple.com/gb/reviews/id1410189265"
                    },
                    "name": {
                        "label": "Tamjid sami"
                    },
                    "label": ""
                },
                "updated": {
                    "label": "2023-01-15T18:04:53-07:00"
                },
                "im:rating": {
                    "label": "5"
                },
                "im:version": {
                    "label": "2.0.47"
                },
                "id": {
                    "label": "9512094498"
                },
                "title": {
                    "label": "ACTUALLY THE BEST MEDITATION APP CUZ ITS FREE AND NO ADS"
                },
                "content": {
                    "label": "As someone nee to meditating it was tough finding good apps to help in the process but this one has good ui and is completely free i wish i could donate money cuz this jus way too good",
                    "attributes": {
                        "type": "text"
                    }
                },
                "link": {
                    "attributes": {
                        "rel": "related",
                        "href": "https://itunes.apple.com/gb/review?id=1500780518&type=Purple%20Software"
                    }
                },
                "im:voteSum": {
                    "label": "0"
                },
                "im:contentType": {
                    "attributes": {
                        "term": "Application",
                        "label": "Application"
                    }
                },
                "im:voteCount": {
                    "label": "0"
                }
            },
            {
                "author": {
                    "uri": {
                        "label": "https://itunes.apple.com/gb/reviews/id684125735"
                    },
                    "name": {
                        "label": "alexamush"
                    },
                    "label": ""
                },
                "updated": {
                    "label": "2023-01-15T17:09:36-07:00"
                },
                "im:rating": {
                    "label": "4"
                },
                "im:version": {
                    "label": "2.0.47"
                },
                "id": {
                    "label": "9511961370"
                },
                "title": {
                    "label": "Great app, just unreliable."
                },
                "content": {
                    "label": "App is amazing, but sometimes bugs occur.\nLost my streak due to app errors which lasted days and manually implementing it isn’t that same.",
                    "attributes": {
                        "type": "text"
                    }
                },
                "link": {
                    "attributes": {
                        "rel": "related",
                        "href": "https://itunes.apple.com/gb/review?id=1500780518&type=Purple%20Software"
                    }
                },
                "im:voteSum": {
                    "label": "0"
                },
                "im:contentType": {
                    "attributes": {
                        "term": "Application",
                        "label": "Application"
                    }
                },
                "im:voteCount": {
                    "label": "0"
                }
            },
            {
                "author": {
                    "uri": {
                        "label": "https://itunes.apple.com/gb/reviews/id650634012"
                    },
                    "name": {
                        "label": "sjiddinrndf"
                    },
                    "label": ""
                },
                "updated": {
                    "label": "2023-01-15T15:00:23-07:00"
                },
                "im:rating": {
                    "label": "5"
                },
                "im:version": {
                    "label": "2.0.47"
                },
                "id": {
                    "label": "9511671837"
                },
                "title": {
                    "label": "best free mediation app"
                },
                "content": {
                    "label": "this app is completely free and despite this it does not lack in quality. although the servers fail at times this is understandable consider it’s non profit. i would recommend this app to anyone who wants to get into meditation",
                    "attributes": {
                        "type": "text"
                    }
                },
                "link": {
                    "attributes": {
                        "rel": "related",
                        "href": "https://itunes.apple.com/gb/review?id=1500780518&type=Purple%20Software"
                    }
                },
                "im:voteSum": {
                    "label": "0"
                },
                "im:contentType": {
                    "attributes": {
                        "term": "Application",
                        "label": "Application"
                    }
                },
                "im:voteCount": {
                    "label": "0"
                }
            },
            {
                "author": {
                    "uri": {
                        "label": "https://itunes.apple.com/gb/reviews/id1067833415"
                    },
                    "name": {
                        "label": "speller304"
                    },
                    "label": ""
                },
                "updated": {
                    "label": "2023-01-15T13:53:16-07:00"
                },
                "im:rating": {
                    "label": "5"
                },
                "im:version": {
                    "label": "2.0.47"
                },
                "id": {
                    "label": "9511522084"
                },
                "title": {
                    "label": "Love this app so much!"
                },
                "content": {
                    "label": "Brilliant app! Thank you so much ❤️",
                    "attributes": {
                        "type": "text"
                    }
                },
                "link": {
                    "attributes": {
                        "rel": "related",
                        "href": "https://itunes.apple.com/gb/review?id=1500780518&type=Purple%20Software"
                    }
                },
                "im:voteSum": {
                    "label": "0"
                },
                "im:contentType": {
                    "attributes": {
                        "term": "Application",
                        "label": "Application"
                    }
                },
                "im:voteCount": {
                    "label": "0"
                }
            },
            {
                "author": {
                    "uri": {
                        "label": "https://itunes.apple.com/gb/reviews/id954610112"
                    },
                    "name": {
                        "label": "berryjerryhairy"
                    },
                    "label": ""
                },
                "updated": {
                    "label": "2023-01-15T10:12:42-07:00"
                },
                "im:rating": {
                    "label": "4"
                },
                "im:version": {
                    "label": "2.0.47"
                },
                "id": {
                    "label": "9510959916"
                },
                "title": {
                    "label": "Medito review"
                },
                "content": {
                    "label": "Great app. The only meditation app that has ever worked for me. Has been buggy lately but it’s back up now. It’s a great app. Definitely recommend!",
                    "attributes": {
                        "type": "text"
                    }
                },
                "link": {
                    "attributes": {
                        "rel": "related",
                        "href": "https://itunes.apple.com/gb/review?id=1500780518&type=Purple%20Software"
                    }
                },
                "im:voteSum": {
                    "label": "0"
                },
                "im:contentType": {
                    "attributes": {
                        "term": "Application",
                        "label": "Application"
                    }
                },
                "im:voteCount": {
                    "label": "0"
                }
            },
            {
                "author": {
                    "uri": {
                        "label": "https://itunes.apple.com/gb/reviews/id1376429560"
                    },
                    "name": {
                        "label": "Pie304"
                    },
                    "label": ""
                },
                "updated": {
                    "label": "2023-01-15T06:04:46-07:00"
                },
                "im:rating": {
                    "label": "5"
                },
                "im:version": {
                    "label": "2.0.47"
                },
                "id": {
                    "label": "9510187647"
                },
                "title": {
                    "label": "One of the best apps on my phone"
                },
                "content": {
                    "label": "I never had written a review for any app before, but I think Medito deserves some appreciation. I have noticed my well-being improve from meditating consistently and using the different packs available to further my meditation practice. Medito has allowed me to learn skills that will aid me for the rest of my life. Thank you for this brilliant app, much love.",
                    "attributes": {
                        "type": "text"
                    }
                },
                "link": {
                    "attributes": {
                        "rel": "related",
                        "href": "https://itunes.apple.com/gb/review?id=1500780518&type=Purple%20Software"
                    }
                },
                "im:voteSum": {
                    "label": "0"
                },
                "im:contentType": {
                    "attributes": {
                        "term": "Application",
                        "label": "Application"
                    }
                },
                "im:voteCount": {
                    "label": "0"
                }
            },
            {
                "author": {
                    "uri": {
                        "label": "https://itunes.apple.com/gb/reviews/id1048294985"
                    },
                    "name": {
                        "label": "ddgnmfss"
                    },
                    "label": ""
                },
                "updated": {
                    "label": "2023-01-15T04:17:41-07:00"
                },
                "im:rating": {
                    "label": "5"
                },
                "im:version": {
                    "label": "2.0.47"
                },
                "id": {
                    "label": "9509866310"
                },
                "title": {
                    "label": "Medito"
                },
                "content": {
                    "label": "Best meditation app out there 👍🏼👍🏼",
                    "attributes": {
                        "type": "text"
                    }
                },
                "link": {
                    "attributes": {
                        "rel": "related",
                        "href": "https://itunes.apple.com/gb/review?id=1500780518&type=Purple%20Software"
                    }
                },
                "im:voteSum": {
                    "label": "0"
                },
                "im:contentType": {
                    "attributes": {
                        "term": "Application",
                        "label": "Application"
                    }
                },
                "im:voteCount": {
                    "label": "0"
                }
            },
            {
                "author": {
                    "uri": {
                        "label": "https://itunes.apple.com/gb/reviews/id432982100"
                    },
                    "name": {
                        "label": "hi234581)2"
                    },
                    "label": ""
                },
                "updated": {
                    "label": "2023-01-14T21:45:28-07:00"
                },
                "im:rating": {
                    "label": "5"
                },
                "im:version": {
                    "label": "2.0.47"
                },
                "id": {
                    "label": "9508926629"
                },
                "title": {
                    "label": "Helped me start my meditation journey"
                },
                "content": {
                    "label": "I’ve know about meditation for years and have always wanted to get involved. However the fact that every other app out there is paid I didn’t want to commit as I might not have liked it. With medito I started my journey over 2 months ago I’ve decreased my anxiety and depression feelings by a mile. And now I am preaching to everyone about meditation. As a young guy struggling with many addictions medito has helped me cut a lot of them out and I’m going to cut the last one out now too it’s a slow process but worth it. Highly recommend medito!",
                    "attributes": {
                        "type": "text"
                    }
                },
                "link": {
                    "attributes": {
                        "rel": "related",
                        "href": "https://itunes.apple.com/gb/review?id=1500780518&type=Purple%20Software"
                    }
                },
                "im:voteSum": {
                    "label": "0"
                },
                "im:contentType": {
                    "attributes": {
                        "term": "Application",
                        "label": "Application"
                    }
                },
                "im:voteCount": {
                    "label": "0"
                }
            },
            {
                "author": {
                    "uri": {
                        "label": "https://itunes.apple.com/gb/reviews/id1355791321"
                    },
                    "name": {
                        "label": "547()7"
                    },
                    "label": ""
                },
                "updated": {
                    "label": "2023-01-14T18:44:31-07:00"
                },
                "im:rating": {
                    "label": "4"
                },
                "im:version": {
                    "label": "2.0.47"
                },
                "id": {
                    "label": "9508496484"
                },
                "title": {
                    "label": "Update"
                },
                "content": {
                    "label": "Been fix thank you",
                    "attributes": {
                        "type": "text"
                    }
                },
                "link": {
                    "attributes": {
                        "rel": "related",
                        "href": "https://itunes.apple.com/gb/review?id=1500780518&type=Purple%20Software"
                    }
                },
                "im:voteSum": {
                    "label": "0"
                },
                "im:contentType": {
                    "attributes": {
                        "term": "Application",
                        "label": "Application"
                    }
                },
                "im:voteCount": {
                    "label": "0"
                }
            },
            {
                "author": {
                    "uri": {
                        "label": "https://itunes.apple.com/gb/reviews/id966024615"
                    },
                    "name": {
                        "label": "afonsosilva111111"
                    },
                    "label": ""
                },
                "updated": {
                    "label": "2023-01-14T16:00:27-07:00"
                },
                "im:rating": {
                    "label": "5"
                },
                "im:version": {
                    "label": "2.0.47"
                },
                "id": {
                    "label": "9508095180"
                },
                "title": {
                    "label": "Best meditation guide"
                },
                "content": {
                    "label": "I don’t usually leave reviews, but medito is the app that made me to start something that I thought would be too overwhelming to get into. I didn’t know what to actually do while meditating, but their guidance has helped me a lot.",
                    "attributes": {
                        "type": "text"
                    }
                },
                "link": {
                    "attributes": {
                        "rel": "related",
                        "href": "https://itunes.apple.com/gb/review?id=1500780518&type=Purple%20Software"
                    }
                },
                "im:voteSum": {
                    "label": "0"
                },
                "im:contentType": {
                    "attributes": {
                        "term": "Application",
                        "label": "Application"
                    }
                },
                "im:voteCount": {
                    "label": "0"
                }
            },
            {
                "author": {
                    "uri": {
                        "label": "https://itunes.apple.com/gb/reviews/id1126353359"
                    },
                    "name": {
                        "label": "Jackwaman16"
                    },
                    "label": ""
                },
                "updated": {
                    "label": "2023-01-14T12:12:54-07:00"
                },
                "im:rating": {
                    "label": "5"
                },
                "im:version": {
                    "label": "2.0.47"
                },
                "id": {
                    "label": "9507564900"
                },
                "title": {
                    "label": "Perfect"
                },
                "content": {
                    "label": "This app is perfect! It’s completely free as it’s a non-profit. There are loading issues frequently, however, this is due to the amount of people trying to get onto the app and they only have volunteers to fix the problem rather than employees . Although, they will notify you when issues occur, so you don’t think your phone is broken 😂. Overall, it’s a perfect app. It has many courses which are perfect for people starting meditation like I used to be as it teaches you everything you need to know and you’ll pick up the skill very quickly. \n\nIt’s a great app made by great people. Would highly recommend!",
                    "attributes": {
                        "type": "text"
                    }
                },
                "link": {
                    "attributes": {
                        "rel": "related",
                        "href": "https://itunes.apple.com/gb/review?id=1500780518&type=Purple%20Software"
                    }
                },
                "im:voteSum": {
                    "label": "0"
                },
                "im:contentType": {
                    "attributes": {
                        "term": "Application",
                        "label": "Application"
                    }
                },
                "im:voteCount": {
                    "label": "0"
                }
            },
            {
                "author": {
                    "uri": {
                        "label": "https://itunes.apple.com/gb/reviews/id1367249818"
                    },
                    "name": {
                        "label": "A../J<"
                    },
                    "label": ""
                },
                "updated": {
                    "label": "2023-01-14T12:10:10-07:00"
                },
                "im:rating": {
                    "label": "5"
                },
                "im:version": {
                    "label": "2.0.47"
                },
                "id": {
                    "label": "9507558167"
                },
                "title": {
                    "label": "Great free app"
                },
                "content": {
                    "label": "Thank you for providing this excellent, free app. There have been some recent loading issues but these have been addressed promptly and are definitely the exception rather than usual experience. I have been using the app for regularly for more than a year and can always find something to suit my needs.",
                    "attributes": {
                        "type": "text"
                    }
                },
                "link": {
                    "attributes": {
                        "rel": "related",
                        "href": "https://itunes.apple.com/gb/review?id=1500780518&type=Purple%20Software"
                    }
                },
                "im:voteSum": {
                    "label": "0"
                },
                "im:contentType": {
                    "attributes": {
                        "term": "Application",
                        "label": "Application"
                    }
                },
                "im:voteCount": {
                    "label": "0"
                }
            },
            {
                "author": {
                    "uri": {
                        "label": "https://itunes.apple.com/gb/reviews/id1403883487"
                    },
                    "name": {
                        "label": "adam_ad46"
                    },
                    "label": ""
                },
                "updated": {
                    "label": "2023-01-14T11:00:50-07:00"
                },
                "im:rating": {
                    "label": "5"
                },
                "im:version": {
                    "label": "2.0.47"
                },
                "id": {
                    "label": "9507379985"
                },
                "title": {
                    "label": "Best meditation app with no annoying subscriptions!"
                },
                "content": {
                    "label": "Amazing",
                    "attributes": {
                        "type": "text"
                    }
                },
                "link": {
                    "attributes": {
                        "rel": "related",
                        "href": "https://itunes.apple.com/gb/review?id=1500780518&type=Purple%20Software"
                    }
                },
                "im:voteSum": {
                    "label": "0"
                },
                "im:contentType": {
                    "attributes": {
                        "term": "Application",
                        "label": "Application"
                    }
                },
                "im:voteCount": {
                    "label": "0"
                }
            },
            {
                "author": {
                    "uri": {
                        "label": "https://itunes.apple.com/gb/reviews/id1454395657"
                    },
                    "name": {
                        "label": "lightningrain"
                    },
                    "label": ""
                },
                "updated": {
                    "label": "2023-01-14T09:07:02-07:00"
                },
                "im:rating": {
                    "label": "5"
                },
                "im:version": {
                    "label": "2.0.47"
                },
                "id": {
                    "label": "9507059431"
                },
                "title": {
                    "label": "Best app on my phone"
                },
                "content": {
                    "label": "Thank you for fixing that problem with loading the screen, I’ve changed my review to 5 stars because I appreciate your objective of bringing meditation to the masses and making it free for everyone. Thank you for creating the Medito app, have a nice life.",
                    "attributes": {
                        "type": "text"
                    }
                },
                "link": {
                    "attributes": {
                        "rel": "related",
                        "href": "https://itunes.apple.com/gb/review?id=1500780518&type=Purple%20Software"
                    }
                },
                "im:voteSum": {
                    "label": "0"
                },
                "im:contentType": {
                    "attributes": {
                        "term": "Application",
                        "label": "Application"
                    }
                },
                "im:voteCount": {
                    "label": "0"
                }
            },
            {
                "author": {
                    "uri": {
                        "label": "https://itunes.apple.com/gb/reviews/id498027155"
                    },
                    "name": {
                        "label": "4151738"
                    },
                    "label": ""
                },
                "updated": {
                    "label": "2023-01-14T07:00:30-07:00"
                },
                "im:rating": {
                    "label": "5"
                },
                "im:version": {
                    "label": "2.0.47"
                },
                "id": {
                    "label": "9506655164"
                },
                "title": {
                    "label": "Absolutely Free and no bugs!"
                },
                "content": {
                    "label": "Best part about this app is that there are no premium features to unlock or buy and fully free.",
                    "attributes": {
                        "type": "text"
                    }
                },
                "link": {
                    "attributes": {
                        "rel": "related",
                        "href": "https://itunes.apple.com/gb/review?id=1500780518&type=Purple%20Software"
                    }
                },
                "im:voteSum": {
                    "label": "0"
                },
                "im:contentType": {
                    "attributes": {
                        "term": "Application",
                        "label": "Application"
                    }
                },
                "im:voteCount": {
                    "label": "0"
                }
            },
            {
                "author": {
                    "uri": {
                        "label": "https://itunes.apple.com/gb/reviews/id533446445"
                    },
                    "name": {
                        "label": "Irenealgi"
                    },
                    "label": ""
                },
                "updated": {
                    "label": "2023-01-14T06:49:23-07:00"
                },
                "im:rating": {
                    "label": "5"
                },
                "im:version": {
                    "label": "2.0.47"
                },
                "id": {
                    "label": "9506618543"
                },
                "title": {
                    "label": "Great meditation app"
                },
                "content": {
                    "label": "I love this app and recommend it to anyone looking to get started on meditation. It’s great that it’s available 100% for free and I’m very grateful to those who’ve developed it and continue to work on it and make it better.",
                    "attributes": {
                        "type": "text"
                    }
                },
                "link": {
                    "attributes": {
                        "rel": "related",
                        "href": "https://itunes.apple.com/gb/review?id=1500780518&type=Purple%20Software"
                    }
                },
                "im:voteSum": {
                    "label": "0"
                },
                "im:contentType": {
                    "attributes": {
                        "term": "Application",
                        "label": "Application"
                    }
                },
                "im:voteCount": {
                    "label": "0"
                }
            },
            {
                "author": {
                    "uri": {
                        "label": "https://itunes.apple.com/gb/reviews/id1475476224"
                    },
                    "name": {
                        "label": "steven009282"
                    },
                    "label": ""
                },
                "updated": {
                    "label": "2023-01-14T05:49:57-07:00"
                },
                "im:rating": {
                    "label": "5"
                },
                "im:version": {
                    "label": "2.0.47"
                },
                "id": {
                    "label": "9506422928"
                },
                "title": {
                    "label": "Best meditation app out there 100%"
                },
                "content": {
                    "label": "This app is a life changer, with high quality meditation for every situation and lessons to help beginners to get started I can’t recommend it enough. Although it has issues here and there they are always fixed and you can’t blame them as they are totally free and are funded by donations.",
                    "attributes": {
                        "type": "text"
                    }
                },
                "link": {
                    "attributes": {
                        "rel": "related",
                        "href": "https://itunes.apple.com/gb/review?id=1500780518&type=Purple%20Software"
                    }
                },
                "im:voteSum": {
                    "label": "0"
                },
                "im:contentType": {
                    "attributes": {
                        "term": "Application",
                        "label": "Application"
                    }
                },
                "im:voteCount": {
                    "label": "0"
                }
            },
            {
                "author": {
                    "uri": {
                        "label": "https://itunes.apple.com/gb/reviews/id760038459"
                    },
                    "name": {
                        "label": "..LJ.."
                    },
                    "label": ""
                },
                "updated": {
                    "label": "2023-01-14T05:18:45-07:00"
                },
                "im:rating": {
                    "label": "5"
                },
                "im:version": {
                    "label": "2.0.47"
                },
                "id": {
                    "label": "9506322863"
                },
                "title": {
                    "label": "I love this app"
                },
                "content": {
                    "label": "I love this app. It’s useful and free!\n\nThey’ve had some loading issues in jan 2023 and I guess that’s what happens when tens of thousands of people take up meditating as a new year’s resolution and turn to a comprehensive free app. So I couldn’t load this one day and went to YouTube for a guided meditation instead\n\nLet me tell you JUST show annoying that was. Saccharine, sickly sweet, annoying voice, random interjections when the voice SAID they were going to leave me to meditate. \n\nI am so so relieved that the app is back today and I can go back to my regular calm sensible person and I can progress through again. I really appreciate how hard these folks are working to provide something free and fix the problems at speed. \n\nConsider donating to them if you want things fixed faster :)",
                    "attributes": {
                        "type": "text"
                    }
                },
                "link": {
                    "attributes": {
                        "rel": "related",
                        "href": "https://itunes.apple.com/gb/review?id=1500780518&type=Purple%20Software"
                    }
                },
                "im:voteSum": {
                    "label": "0"
                },
                "im:contentType": {
                    "attributes": {
                        "term": "Application",
                        "label": "Application"
                    }
                },
                "im:voteCount": {
                    "label": "0"
                }
            },
            {
                "author": {
                    "uri": {
                        "label": "https://itunes.apple.com/gb/reviews/id724141742"
                    },
                    "name": {
                        "label": "Dixie__rect__"
                    },
                    "label": ""
                },
                "updated": {
                    "label": "2023-01-14T04:45:26-07:00"
                },
                "im:rating": {
                    "label": "5"
                },
                "im:version": {
                    "label": "2.0.47"
                },
                "id": {
                    "label": "9506221492"
                },
                "title": {
                    "label": "I love this app"
                },
                "content": {
                    "label": "Meditation has vastly improved my mental state, emotional and spiritual.\nthe only problem i have with this app is the long loading times, apart from that, the free meditation this app provides is honestly great and getting into the habit has been a positive change in my life",
                    "attributes": {
                        "type": "text"
                    }
                },
                "link": {
                    "attributes": {
                        "rel": "related",
                        "href": "https://itunes.apple.com/gb/review?id=1500780518&type=Purple%20Software"
                    }
                },
                "im:voteSum": {
                    "label": "0"
                },
                "im:contentType": {
                    "attributes": {
                        "term": "Application",
                        "label": "Application"
                    }
                },
                "im:voteCount": {
                    "label": "0"
                }
            },
            {
                "author": {
                    "uri": {
                        "label": "https://itunes.apple.com/gb/reviews/id1413713853"
                    },
                    "name": {
                        "label": "maxrad0"
                    },
                    "label": ""
                },
                "updated": {
                    "label": "2023-01-14T02:24:10-07:00"
                },
                "im:rating": {
                    "label": "4"
                },
                "im:version": {
                    "label": "2.0.47"
                },
                "id": {
                    "label": "9505838924"
                },
                "title": {
                    "label": "Good"
                },
                "content": {
                    "label": "Very good but app can play up a bit",
                    "attributes": {
                        "type": "text"
                    }
                },
                "link": {
                    "attributes": {
                        "rel": "related",
                        "href": "https://itunes.apple.com/gb/review?id=1500780518&type=Purple%20Software"
                    }
                },
                "im:voteSum": {
                    "label": "0"
                },
                "im:contentType": {
                    "attributes": {
                        "term": "Application",
                        "label": "Application"
                    }
                },
                "im:voteCount": {
                    "label": "0"
                }
            },
            {
                "author": {
                    "uri": {
                        "label": "https://itunes.apple.com/gb/reviews/id1485203477"
                    },
                    "name": {
                        "label": "ccccccccccccccffffddsd"
                    },
                    "label": ""
                },
                "updated": {
                    "label": "2023-01-14T02:02:12-07:00"
                },
                "im:rating": {
                    "label": "1"
                },
                "im:version": {
                    "label": "2.0.47"
                },
                "id": {
                    "label": "9505785088"
                },
                "title": {
                    "label": "App is not working"
                },
                "content": {
                    "label": "The app is showing a blank screen.",
                    "attributes": {
                        "type": "text"
                    }
                },
                "link": {
                    "attributes": {
                        "rel": "related",
                        "href": "https://itunes.apple.com/gb/review?id=1500780518&type=Purple%20Software"
                    }
                },
                "im:voteSum": {
                    "label": "0"
                },
                "im:contentType": {
                    "attributes": {
                        "term": "Application",
                        "label": "Application"
                    }
                },
                "im:voteCount": {
                    "label": "0"
                }
            },
            {
                "author": {
                    "uri": {
                        "label": "https://itunes.apple.com/gb/reviews/id1097719121"
                    },
                    "name": {
                        "label": "apparaîtraient"
                    },
                    "label": ""
                },
                "updated": {
                    "label": "2023-01-13T13:05:19-07:00"
                },
                "im:rating": {
                    "label": "1"
                },
                "im:version": {
                    "label": "2.0.47"
                },
                "id": {
                    "label": "9503956314"
                },
                "title": {
                    "label": "Gray screen when I open"
                },
                "content": {
                    "label": "I got recommended this app and decided to try it. When I open the app I get met with a gray screen with “ home” and “packs” I can’t interact with anything…",
                    "attributes": {
                        "type": "text"
                    }
                },
                "link": {
                    "attributes": {
                        "rel": "related",
                        "href": "https://itunes.apple.com/gb/review?id=1500780518&type=Purple%20Software"
                    }
                },
                "im:voteSum": {
                    "label": "0"
                },
                "im:contentType": {
                    "attributes": {
                        "term": "Application",
                        "label": "Application"
                    }
                },
                "im:voteCount": {
                    "label": "0"
                }
            },
            {
                "author": {
                    "uri": {
                        "label": "https://itunes.apple.com/gb/reviews/id737186040"
                    },
                    "name": {
                        "label": "jrowley277"
                    },
                    "label": ""
                },
                "updated": {
                    "label": "2023-01-13T12:51:41-07:00"
                },
                "im:rating": {
                    "label": "3"
                },
                "im:version": {
                    "label": "2.0.47"
                },
                "id": {
                    "label": "9503924994"
                },
                "title": {
                    "label": "Got app but buggy"
                },
                "content": {
                    "label": "I have an iPhone 11. Quite often I open the app to meditate and the whole app is just bugged, the whole app is just empty with no options to press. Deleting and re installing doesn’t fix the issue either. Apart from that I like the app and it helps me to meditate, I hope they fix it eventually.",
                    "attributes": {
                        "type": "text"
                    }
                },
                "link": {
                    "attributes": {
                        "rel": "related",
                        "href": "https://itunes.apple.com/gb/review?id=1500780518&type=Purple%20Software"
                    }
                },
                "im:voteSum": {
                    "label": "0"
                },
                "im:contentType": {
                    "attributes": {
                        "term": "Application",
                        "label": "Application"
                    }
                },
                "im:voteCount": {
                    "label": "0"
                }
            },
            {
                "author": {
                    "uri": {
                        "label": "https://itunes.apple.com/gb/reviews/id1488172172"
                    },
                    "name": {
                        "label": "risvon_1"
                    },
                    "label": ""
                },
                "updated": {
                    "label": "2023-01-13T11:05:36-07:00"
                },
                "im:rating": {
                    "label": "5"
                },
                "im:version": {
                    "label": "2.0.47"
                },
                "id": {
                    "label": "9503674273"
                },
                "title": {
                    "label": "Theres a problem"
                },
                "content": {
                    "label": "I have used the app before and its very good but suddenly now whenever i open the app nothing loads and i have only three buttons on my screen, the home , packs , and the three dots in the right corner i need help and i really want to meditate",
                    "attributes": {
                        "type": "text"
                    }
                },
                "link": {
                    "attributes": {
                        "rel": "related",
                        "href": "https://itunes.apple.com/gb/review?id=1500780518&type=Purple%20Software"
                    }
                },
                "im:voteSum": {
                    "label": "0"
                },
                "im:contentType": {
                    "attributes": {
                        "term": "Application",
                        "label": "Application"
                    }
                },
                "im:voteCount": {
                    "label": "0"
                }
            },
            {
                "author": {
                    "uri": {
                        "label": "https://itunes.apple.com/gb/reviews/id1407814159"
                    },
                    "name": {
                        "label": "J0shy01"
                    },
                    "label": ""
                },
                "updated": {
                    "label": "2023-01-13T04:40:00-07:00"
                },
                "im:rating": {
                    "label": "1"
                },
                "im:version": {
                    "label": "2.0.47"
                },
                "id": {
                    "label": "9502542660"
                },
                "title": {
                    "label": "App just doesn’t load"
                },
                "content": {
                    "label": "I have an iPhone 14 Pro Max, downloaded, nothing, reinstalled, nothing, turned phone on and off, nothing, switched from wifi to data, nothing.\n\nMy app is just stuck saying ‘good afternoon’ none of the buttons work or load.",
                    "attributes": {
                        "type": "text"
                    }
                },
                "link": {
                    "attributes": {
                        "rel": "related",
                        "href": "https://itunes.apple.com/gb/review?id=1500780518&type=Purple%20Software"
                    }
                },
                "im:voteSum": {
                    "label": "0"
                },
                "im:contentType": {
                    "attributes": {
                        "term": "Application",
                        "label": "Application"
                    }
                },
                "im:voteCount": {
                    "label": "0"
                }
            },
            {
                "author": {
                    "uri": {
                        "label": "https://itunes.apple.com/gb/reviews/id1168585602"
                    },
                    "name": {
                        "label": "David.Aleksejevs"
                    },
                    "label": ""
                },
                "updated": {
                    "label": "2023-01-13T04:04:41-07:00"
                },
                "im:rating": {
                    "label": "1"
                },
                "im:version": {
                    "label": "2.0.47"
                },
                "id": {
                    "label": "9502437208"
                },
                "title": {
                    "label": "The app literally dosent work"
                },
                "content": {
                    "label": "I’ve used it before, I had a 82day streak and today the app is just a blank screen",
                    "attributes": {
                        "type": "text"
                    }
                },
                "link": {
                    "attributes": {
                        "rel": "related",
                        "href": "https://itunes.apple.com/gb/review?id=1500780518&type=Purple%20Software"
                    }
                },
                "im:voteSum": {
                    "label": "0"
                },
                "im:contentType": {
                    "attributes": {
                        "term": "Application",
                        "label": "Application"
                    }
                },
                "im:voteCount": {
                    "label": "0"
                }
            },
            {
                "author": {
                    "uri": {
                        "label": "https://itunes.apple.com/gb/reviews/id704981902"
                    },
                    "name": {
                        "label": "sara.ads"
                    },
                    "label": ""
                },
                "updated": {
                    "label": "2023-01-12T20:49:54-07:00"
                },
                "im:rating": {
                    "label": "1"
                },
                "im:version": {
                    "label": "2.0.47"
                },
                "id": {
                    "label": "9501441235"
                },
                "title": {
                    "label": "App permanently broken"
                },
                "content": {
                    "label": "Such a shame, was really enjoying the app, but no matter how many times I delete and reinstall, there is a blank screen",
                    "attributes": {
                        "type": "text"
                    }
                },
                "link": {
                    "attributes": {
                        "rel": "related",
                        "href": "https://itunes.apple.com/gb/review?id=1500780518&type=Purple%20Software"
                    }
                },
                "im:voteSum": {
                    "label": "0"
                },
                "im:contentType": {
                    "attributes": {
                        "term": "Application",
                        "label": "Application"
                    }
                },
                "im:voteCount": {
                    "label": "0"
                }
            },
            {
                "author": {
                    "uri": {
                        "label": "https://itunes.apple.com/gb/reviews/id1356455290"
                    },
                    "name": {
                        "label": "Siymone"
                    },
                    "label": ""
                },
                "updated": {
                    "label": "2023-01-12T17:56:20-07:00"
                },
                "im:rating": {
                    "label": "3"
                },
                "im:version": {
                    "label": "2.0.47"
                },
                "id": {
                    "label": "9501030729"
                },
                "title": {
                    "label": "Glitch"
                },
                "content": {
                    "label": "Usually the most amazing app, use it very frequently and find it to be helpful with anxiety and calming down . However, the app seems to have glitched, I open it an it shows a grey screen saying good eveing and a dark grey saying packs - nothing is showing up on the actual screen in terms of mediation and for an app that’s supposed to be calming I find this issue very frustrating. \nTried uninstalling and reinstalling and stil nothing.",
                    "attributes": {
                        "type": "text"
                    }
                },
                "link": {
                    "attributes": {
                        "rel": "related",
                        "href": "https://itunes.apple.com/gb/review?id=1500780518&type=Purple%20Software"
                    }
                },
                "im:voteSum": {
                    "label": "0"
                },
                "im:contentType": {
                    "attributes": {
                        "term": "Application",
                        "label": "Application"
                    }
                },
                "im:voteCount": {
                    "label": "0"
                }
            },
            {
                "author": {
                    "uri": {
                        "label": "https://itunes.apple.com/gb/reviews/id218060411"
                    },
                    "name": {
                        "label": "_booth"
                    },
                    "label": ""
                },
                "updated": {
                    "label": "2023-01-12T15:39:54-07:00"
                },
                "im:rating": {
                    "label": "1"
                },
                "im:version": {
                    "label": "2.0.47"
                },
                "id": {
                    "label": "9500711699"
                },
                "title": {
                    "label": "Always loading!!"
                },
                "content": {
                    "label": "Very unreliable which is a shame because it’s a great app when it actually works properly",
                    "attributes": {
                        "type": "text"
                    }
                },
                "link": {
                    "attributes": {
                        "rel": "related",
                        "href": "https://itunes.apple.com/gb/review?id=1500780518&type=Purple%20Software"
                    }
                },
                "im:voteSum": {
                    "label": "0"
                },
                "im:contentType": {
                    "attributes": {
                        "term": "Application",
                        "label": "Application"
                    }
                },
                "im:voteCount": {
                    "label": "0"
                }
            },
            {
                "author": {
                    "uri": {
                        "label": "https://itunes.apple.com/gb/reviews/id705293082"
                    },
                    "name": {
                        "label": "RainbowRayquaza"
                    },
                    "label": ""
                },
                "updated": {
                    "label": "2023-01-11T09:23:47-07:00"
                },
                "im:rating": {
                    "label": "1"
                },
                "im:version": {
                    "label": "2.0.47"
                },
                "id": {
                    "label": "9496283837"
                },
                "title": {
                    "label": "Broken"
                },
                "content": {
                    "label": "App is stuck on loading screen when you start the app.",
                    "attributes": {
                        "type": "text"
                    }
                },
                "link": {
                    "attributes": {
                        "rel": "related",
                        "href": "https://itunes.apple.com/gb/review?id=1500780518&type=Purple%20Software"
                    }
                },
                "im:voteSum": {
                    "label": "0"
                },
                "im:contentType": {
                    "attributes": {
                        "term": "Application",
                        "label": "Application"
                    }
                },
                "im:voteCount": {
                    "label": "0"
                }
            },
            {
                "author": {
                    "uri": {
                        "label": "https://itunes.apple.com/gb/reviews/id1258901367"
                    },
                    "name": {
                        "label": "Evolupos"
                    },
                    "label": ""
                },
                "updated": {
                    "label": "2023-01-10T10:39:05-07:00"
                },
                "im:rating": {
                    "label": "5"
                },
                "im:version": {
                    "label": "2.0.47"
                },
                "id": {
                    "label": "9492947231"
                },
                "title": {
                    "label": "Best free mediation app"
                },
                "content": {
                    "label": "Thanks to the team that created this and make it free",
                    "attributes": {
                        "type": "text"
                    }
                },
                "link": {
                    "attributes": {
                        "rel": "related",
                        "href": "https://itunes.apple.com/gb/review?id=1500780518&type=Purple%20Software"
                    }
                },
                "im:voteSum": {
                    "label": "0"
                },
                "im:contentType": {
                    "attributes": {
                        "term": "Application",
                        "label": "Application"
                    }
                },
                "im:voteCount": {
                    "label": "0"
                }
            },
            {
                "author": {
                    "uri": {
                        "label": "https://itunes.apple.com/gb/reviews/id1487088418"
                    },
                    "name": {
                        "label": "benwx."
                    },
                    "label": ""
                },
                "updated": {
                    "label": "2023-01-10T10:08:02-07:00"
                },
                "im:rating": {
                    "label": "5"
                },
                "im:version": {
                    "label": "2.0.47"
                },
                "id": {
                    "label": "9492871025"
                },
                "title": {
                    "label": "I really do reccomend"
                },
                "content": {
                    "label": "I have never before written a review on the apple store for an app but i truly believe more people should know about this app. \n\nThis app brings a free, high quality service to the app store, with its different guides and even narrators of which you can choose.\n\nI have been using this app for a while now and it has really helped me to calm me down and set off on a good start.\n\nI really do reccomend",
                    "attributes": {
                        "type": "text"
                    }
                },
                "link": {
                    "attributes": {
                        "rel": "related",
                        "href": "https://itunes.apple.com/gb/review?id=1500780518&type=Purple%20Software"
                    }
                },
                "im:voteSum": {
                    "label": "0"
                },
                "im:contentType": {
                    "attributes": {
                        "term": "Application",
                        "label": "Application"
                    }
                },
                "im:voteCount": {
                    "label": "0"
                }
            },
            {
                "author": {
                    "uri": {
                        "label": "https://itunes.apple.com/gb/reviews/id1310697979"
                    },
                    "name": {
                        "label": "123456567733"
                    },
                    "label": ""
                },
                "updated": {
                    "label": "2023-01-05T12:25:52-07:00"
                },
                "im:rating": {
                    "label": "5"
                },
                "im:version": {
                    "label": "2.0.47"
                },
                "id": {
                    "label": "9475140630"
                },
                "title": {
                    "label": "Amazing"
                },
                "content": {
                    "label": "Wonderful app. Especially Wills voice making me almost fall asleep. Great app, simple and amazing for your mental health",
                    "attributes": {
                        "type": "text"
                    }
                },
                "link": {
                    "attributes": {
                        "rel": "related",
                        "href": "https://itunes.apple.com/gb/review?id=1500780518&type=Purple%20Software"
                    }
                },
                "im:voteSum": {
                    "label": "0"
                },
                "im:contentType": {
                    "attributes": {
                        "term": "Application",
                        "label": "Application"
                    }
                },
                "im:voteCount": {
                    "label": "0"
                }
            },
            {
                "author": {
                    "uri": {
                        "label": "https://itunes.apple.com/gb/reviews/id345008635"
                    },
                    "name": {
                        "label": "Coco Chilli"
                    },
                    "label": ""
                },
                "updated": {
                    "label": "2023-01-04T23:20:49-07:00"
                },
                "im:rating": {
                    "label": "1"
                },
                "im:version": {
                    "label": "2.0.47"
                },
                "id": {
                    "label": "9472998040"
                },
                "title": {
                    "label": "Nothing loads, blank screens n spooling"
                },
                "content": {
                    "label": "Really disappointed. All geared up to meditate last two mornings and none of the sessions will open. I’ve tried opening ‘learning to sit’ and ‘mindfulness’ sessions. Today it took 5 minutes to open. It is not my internet. Time is precious, especially first thing in morning. Also, it’s not great for the mind to be having troubles with an app for mindfulness. Otherwise this would be 5 stars",
                    "attributes": {
                        "type": "text"
                    }
                },
                "link": {
                    "attributes": {
                        "rel": "related",
                        "href": "https://itunes.apple.com/gb/review?id=1500780518&type=Purple%20Software"
                    }
                },
                "im:voteSum": {
                    "label": "0"
                },
                "im:contentType": {
                    "attributes": {
                        "term": "Application",
                        "label": "Application"
                    }
                },
                "im:voteCount": {
                    "label": "0"
                }
            },
            {
                "author": {
                    "uri": {
                        "label": "https://itunes.apple.com/gb/reviews/id1342731280"
                    },
                    "name": {
                        "label": "reubro57689"
                    },
                    "label": ""
                },
                "updated": {
                    "label": "2023-01-04T15:35:47-07:00"
                },
                "im:rating": {
                    "label": "5"
                },
                "im:version": {
                    "label": "2.0.47"
                },
                "id": {
                    "label": "9471850830"
                },
                "title": {
                    "label": "Nice"
                },
                "content": {
                    "label": "Nice and free",
                    "attributes": {
                        "type": "text"
                    }
                },
                "link": {
                    "attributes": {
                        "rel": "related",
                        "href": "https://itunes.apple.com/gb/review?id=1500780518&type=Purple%20Software"
                    }
                },
                "im:voteSum": {
                    "label": "0"
                },
                "im:contentType": {
                    "attributes": {
                        "term": "Application",
                        "label": "Application"
                    }
                },
                "im:voteCount": {
                    "label": "0"
                }
            },
            {
                "author": {
                    "uri": {
                        "label": "https://itunes.apple.com/gb/reviews/id797943841"
                    },
                    "name": {
                        "label": "Eypra"
                    },
                    "label": ""
                },
                "updated": {
                    "label": "2023-01-04T14:57:03-07:00"
                },
                "im:rating": {
                    "label": "5"
                },
                "im:version": {
                    "label": "2.0.47"
                },
                "id": {
                    "label": "9471759317"
                },
                "title": {
                    "label": "Great App"
                },
                "content": {
                    "label": "Short and sweet, no complications. Just meditations.",
                    "attributes": {
                        "type": "text"
                    }
                },
                "link": {
                    "attributes": {
                        "rel": "related",
                        "href": "https://itunes.apple.com/gb/review?id=1500780518&type=Purple%20Software"
                    }
                },
                "im:voteSum": {
                    "label": "0"
                },
                "im:contentType": {
                    "attributes": {
                        "term": "Application",
                        "label": "Application"
                    }
                },
                "im:voteCount": {
                    "label": "0"
                }
            }
        ],
        "updated": {
            "label": "2023-04-18T17:08:11-07:00"
        },
        "rights": {
            "label": "Copyright 2008 Apple Inc."
        },
        "title": {
            "label": "iTunes Store: Customer Reviews"
        },
        "icon": {
            "label": "http://itunes.apple.com/favicon.ico"
        },
        "link": [
            {
                "attributes": {
                    "rel": "alternate",
                    "type": "text/html",
                    "href": "https://music.apple.com/WebObjects/MZStore.woa/wa/viewGrouping?cc=gb&id=130"
                }
            },
            {
                "attributes": {
                    "rel": "self",
                    "href": "https://mzstoreservices-int-st.itunes.apple.com/gb/rss/customerreviews/id=1500780518/sortBy=mostRecent/json"
                }
            },
            {
                "attributes": {
                    "rel": "first",
                    "href": "https://itunes.apple.com/gb/rss/customerreviews/page=1/id=1500780518/sortby=mostrecent/xml?urlDesc=/customerreviews/id=1500780518/sortBy=mostRecent/json"
                }
            },
            {
                "attributes": {
                    "rel": "last",
                    "href": "https://itunes.apple.com/gb/rss/customerreviews/page=3/id=1500780518/sortby=mostrecent/xml?urlDesc=/customerreviews/id=1500780518/sortBy=mostRecent/json"
                }
            },
            {
                "attributes": {
                    "rel": "previous",
                    "href": "https://itunes.apple.com/gb/rss/customerreviews/page=1/id=1500780518/sortby=mostrecent/xml?urlDesc=/customerreviews/id=1500780518/sortBy=mostRecent/json"
                }
            },
            {
                "attributes": {
                    "rel": "next",
                    "href": "https://itunes.apple.com/gb/rss/customerreviews/page=2/id=1500780518/sortby=mostrecent/xml?urlDesc=/customerreviews/id=1500780518/sortBy=mostRecent/json"
                }
            }
        ],
        "id": {
            "label": "https://mzstoreservices-int-st.itunes.apple.com/gb/rss/customerreviews/id=1500780518/sortBy=mostRecent/json"
        }
    }
}